code,bgm_id,title,director,企画,製作,publish_date
2023-01-01,406423,スリーピース THE ANIMATION,太多秀太,ふじけん,ピンクパイナップル,2023-01-27
2023-02-01,406869,ヤリ上がり 〜スレ違いのイジワル♥〜,,びまら座,nur,2023-01-27
2023-02-02,406869,ヤリ上がり 〜みこすり半の謹親♥〜,,びまら座,nur,2023-05-26
2023-03-01,406868,おとぎばなしの鬼ごっこ 赤ずきんとケダモノたち,彩野国男,まんぴーす,魔人,2023-01-27
2023-03-02,406868,おとぎばなしの鬼ごっこ アリスの壊れた世界,彩野国男,まんぴーす,魔人,2023-03-31
2023-04-01,393719,いもうとはGALかわいい 属性違いの妹,木之本なつみ,44℃梅毒,メリー・ジェーン,2023-02-03
2023-04-02,393719,いもうとはGALかわいい 妹からのプレゼント,木之本なつみ,44℃梅毒,メリー・ジェーン,2023-07-21
2023-05-01,409258,アオハルスナッチ アオハルスナッチ 1,裏夕涼,キャプテン秋山,Queen Bee,2023-02-17
2023-05-02,409258,アオハルスナッチ アオハルスナッチ 2,裏夕涼,キャプテン秋山,Queen Bee,2023-10-20
2023-06-01,408858,魔女は結局その客と。。。THE ANIMATION 第1巻,太多秀太,ふじけん,ピンクパイナップル,2023-02-24
2023-06-02,408858,魔女は結局その客と。。。THE ANIMATION 第2巻,太多秀太,ふじけん,ピンクパイナップル,2023-10-27
2023-07-01,408958,OVA 母乳ちゃんは射したい。＃1,雷火剣,ばにぃうぉ〜か〜,ティーレックス,2023-03-03
2023-07-02,408958,OVA 母乳ちゃんは射したい。＃2,雷火剣,ばにぃうぉ〜か〜,ティーレックス,2023-03-03
2023-07-03,408958,OVA 母乳ちゃんは射したい。＃3,雷火剣,ばにぃうぉ〜か〜,ティーレックス,2023-04-07
2023-07-04,408958,OVA 母乳ちゃんは射したい。＃4,雷火剣,ばにぃうぉ〜か〜,ティーレックス,2023-04-07
2023-08-01,412305,不貞 with ... THE ANIMATION ～人妻ナンパNTR温泉 旅行先でナカよく種付けされました～,小原和大,ふじけん,ピンクパイナップル,2023-03-31
2023-09-01,409371,OVA クラスで男は僕一人！？ ＃1,雷火剣,ばにぃうぉ〜か〜,ティーレックス,2023-03-03
2023-10-01,409739,いくものがかり The Animation 上巻,SAKAKI,ショーテン,ショーテン,2023-03-31
2023-10-02,409739,いくものがかり The Animation 下巻,SAKAKI,ショーテン,ショーテン,2023-08-25
2023-11-01,412148,ゴブリンの巣穴 第一話 巡礼者 アンヴィル,彩野国男,まんぴーす,魔人,2023-03-31
2023-11-02,412148,ゴブリンの巣穴 第二話 魔女見習い ジェイダ,彩野国男,まんぴーす,魔人,2023-05-26
2023-11-03,412148,ゴブリンの巣穴 第三話 駆け出し冒険者 イラーリ,彩野国男,まんぴーす,魔人,2023-08-25
2023-11-04,412148,ゴブリンの巣穴 第四話 女サムライ サユキ,彩野国男,まんぴーす,魔人,2023-11-24
2023-12-01,417596,告白…… ～生イキ苛めギャルの矜持～,,びまら座,nur,2023-04-28
2023-12-02,417596,告白…… ～ふわパイオトナギャルの覚悟～,,びまら座,nur,2023-09-29
2023-13-01,419839,つるぺた守護騎士 エルフィナ堕ちる ～前編～,伊藤史夫,Blue Bread, Queen Bee,2023-04-14
2023-13-02,419839,つるぺた守護騎士 エルフィナ堕ちる ～後編～,伊藤史夫,Blue Bread, Queen Bee,2023-06-23
2023-14-01,428403,子産み島 ～週7で産めるメスたち～ #1,揉蔵,,セブン,2023-03-28
2023-14-02,428403,子産み島 ～週7で産めるメスたち～ #2,揉蔵,,セブン,2023-05-17
2023-15-01,378107,メイド教育。－没落貴族 瑠璃川椿－ THE ANIMATION,太多秀太,ふじけん,ピンクパイナップル,2023-05-26
2023-16-01,419838,楽園侵触 Island of the dead 上巻,みうらさぶろう,,ショーテン,2023-05-26
2023-17-01,421579,不思議の国のサキュバス 第一話 見た目は美人、喋れば残念？ 食いしん坊淫魔、サキュバスさんの巻,彩野国男,まんぴーす,魔人,2023-05-26
2023-17-02,421579,不思議の国のサキュバス 第二話 ちっちゃい身体にドデカいおっぱい！性悪ぶりっこ淫魔、レッサーインプさんの巻,彩野国男,まんぴーす,魔人,2023-07-28
2023-18-01,430416,Nightmare×Deathscytheー前編ー叛逆のレゾナンス,むらかみてるあき,キャプテン秋山,アニメアンテナ委員会,2023-05-26
2023-18-02,430416,Nightmare×Deathscytheー後編ー叛逆のレゾナンス,むらかみてるあき,キャプテン秋山,アニメアンテナ委員会,2023-12-01
2023-19-01,421743,1LDK＋J系 いきなり同居？密着！？初エッチ！！？ 第1話,太多秀太,,King Bee,2023-07-07
2023-19-02,421743,1LDK＋J系 いきなり同居？密着！？初エッチ！！？ 第2話,太多秀太,,King Bee,2023-10-06
2023-19-03,421743,1LDK＋J系 いきなり同居？密着！？初エッチ！！？ 第3話,太多秀太,,King Bee,2023-04-19
2023-20-01,427071,OVA スケベエルフ探訪記 ＃1,雷火剣,ばにぃうぉ〜か〜,ティーレックス,2023-07-07
2023-20-02,427071,OVA スケベエルフ探訪記 ＃2,雷火剣,ばにぃうぉ〜か〜,ティーレックス,2023-07-07
2023-21-01,445780,魔法少女ノーブル・ローズ THE ANIMATION 第1巻,荒木英樹,キャプテン秋山,No Future,2023-07-14
2023-21-02,445780,魔法少女ノーブル・ローズ THE ANIMATION 第1巻,荒木英樹,キャプテン秋山,No Future,2023-09-15
2023-22-01,431977,くノ一○○伝 紫陽花 第一話 潜入、蒲生邸 媚薬拷問と快楽調教,横山ひろみ,姦三,鈴木みら乃,2023-07-28
2023-22-02,431977,くノ一○○伝 紫陽花 第二話 悪徳商人、越後屋 白濁に咲くは悪の華,横山ひろみ,姦三,鈴木みら乃,2023-09-29
2023-23-01,431978,so_low ～双子姉妹の蔑み～,,びまら座,nur,2023-07-28
2023-23-02,431978,so_low ～双子姉妹の謹み～,,びまら座,nur,2023-12-22
2023-24-01,432482,奥さまの回復術 THE ANIMATION,辰美,ふじけん,ピンクパイナップル,2023-07-28
2023-25-01,432608,種付おじさんとNTR人妻セックス The Animation,太多秀太,,ショーテン,2023-07-28
2023-26-01,437732,SLEEPLESS Nocturne The Animation 上巻,荒木英樹,キャプテン秋山,ショーテン,2023-08-25
2023-26-02,437732,SLEEPLESS Nocturne The Animation 下巻,荒木英樹,キャプテン秋山,ショーテン,2023-10-27
2023-27-01,438302,この恋に気づいて THE ANIMATION,石射蒼,ふじけん,ピンクパイナップル,2023-08-25
2023-28-01,437694,OVA ツンデロシリーズ ＃1,雷火剣,ばにぃうぉ〜か〜,ティーレックス,2023-09-01
2023-28-02,437694,OVA ツンデロシリーズ ＃2,雷火剣,ばにぃうぉ〜か〜,ティーレックス,2023-09-01
2023-28-03,437694,OVA ツンデロシリーズ ＃3,雷火剣,ばにぃうぉ〜か〜,ティーレックス,2023-12-01
2023-28-04,437694,OVA ツンデロシリーズ ＃4,雷火剣,ばにぃうぉ〜か〜,ティーレックス,2023-12-01
2023-28-05,437694,OVA ツンデロシリーズ ＃5,雷火剣,ばにぃうぉ〜か〜,ティーレックス,2024-02-02
2023-28-06,437694,OVA ツンデロシリーズ ＃6,雷火剣,ばにぃうぉ〜か〜,ティーレックス,2024-02-02
2023-29-01,445452,純情デカメロン 1,伊藤史夫,Blue Bread、キャプテン秋山,Queen Bee,2023-09-01
2023-29-02,445452,純情デカメロン 2,伊藤史夫,Blue Bread、キャプテン秋山,Queen Bee,2023-10-13
2023-30-01,442793,ナイトテール 第一話 私は夢魔を倒すもの、ナイトテール！,彩野国男,まんぴーす,魔人,2023-09-29
2023-30-02,442793,ナイトテール 第二話 この人、夢に出てきた人だ！,彩野国男,まんぴーす,魔人,2023-11-24
2023-31-01,432606,種付おじさんとパパっ子JD催眠生活 The Animation,太多秀太,,ショーテン,2023-09-29
2023-32-01,443609,OVA 妻に黙って即売会に行くんじゃなかった ＃1,雷火剣,あんてきぬすっ,ティーレックス,2023-10-06
2023-32-02,443609,OVA 妻に黙って即売会に行くんじゃなかった ＃2,雷火剣,あんてきぬすっ,ティーレックス,2023-10-06
2023-33-01,446881,未必の恋 〜親友のカレシ♥〜,,びまら座,nur,2023-10-27
2023-33-02,446881,未必の恋 〜カレシの彼女♥〜,,びまら座,nur,2024-01-26
2023-34-01,446882,魔法闘姫リルスティア 第一話 ハメルダーは許さない！新たな魔法闘姫、変身,彩野国男,まんぴーす,魔人,2023-10-27
2023-34-02,446882,魔法闘姫リルスティア 第二話 立ちはだかる無数の敵！ リルスティアの大乱交~,彩野国男,まんぴーす,魔人,2024-01-26
2023-35-01,443386,子作り妊活部！ 第1話 遠野羽海編,太多秀太,44℃梅毒,メリー・ジェーン,2023-11-10
2023-36-01,453813,Sweet and Hot 1,伊藤史夫,Blue Bread、キャプテン秋山,Queen Bee,2023-11-10
2023-36-02,453813,Sweet and Hot 2,伊藤史夫,Blue Bread、キャプテン秋山,Queen Bee,2024-01-26
2023-37-01,449747,同居する粘液 第1話 日常の中の非日常,木之本なつみ,44℃梅毒,King Bee,2023-11-10
2023-37-02,449747,同居する粘液 第2話 混ざり合う日常,木之本なつみ,44℃梅毒,King Bee,2024-02-02
2023-38-01,451561,OVA 初恋時間。 ＃1,雷火剣,ばにぃうぉ〜か〜,ティーレックス,2023-11-24
2023-38-02,451561,OVA 初恋時間。 ＃2,雷火剣,ばにぃうぉ〜か〜,ティーレックス,2023-11-24
2023-38-03,451561,OVA 初恋時間。 ＃3,雷火剣,ばにぃうぉ〜か〜,ティーレックス,2024-01-01
2023-38-04,451561,OVA 初恋時間。 ＃4,雷火剣,ばにぃうぉ〜か〜,ティーレックス,2024-01-01
2023-38-05,451561,OVA 初恋時間。 ＃5,雷火剣,ばにぃうぉ〜か〜,ティーレックス,2024-03-01
2023-38-06,451561,OVA 初恋時間。 ＃6,雷火剣,ばにぃうぉ〜か〜,ティーレックス,2024-03-01
2023-39-01,451563,姉辱尽くし 〜滑り堕ちる姉の淫汁♥〜,,びまら座,nur,2023-11-24
2023-39-02,451563,姉辱尽くし 〜滴り零れる姉辱の嬌声♥〜,,びまら座,nur,2024-02-22
2023-40-01,457954,勇者姫ミリア 第一話 史上最悪の勇者爆誕！ ナマイキ勇者をわからせろ！,彩野国男,まんぴーす,魔人,2023-12-22
2023-40-02,457954,勇者姫ミリア 第二話 知識の園で情報収集！ アカデミアのエッチな授業！,彩野国男,まんぴーす,魔人,2024-02-22
2023-41-01,456600,旬花蒐陶 〜生ダレ鬱メッセ♥〜,,びまら座,nur,2023-12-22
2023-41-02,456600,旬花蒐陶 〜生イキアオ歓サラシ♥〜,,びまら座,nur,2024-03-29